Название,Жанр,Режиссер,Страны,Год,IMDb
55 (фильм),документальный фильм,Никита Михалков,Россия,2007,
101 Рейс,биография,Акром Шахназаров,Узбекистан,,
Аист (фильм),"драма, притча",Валерий Жереги,СССР,1978,
Брошь (телеспектакль),драма,Ю. Кротенко,СССР,1988,
В семнадцать мальчишеских лет,"военный, драма",Руфат Шабанов,СССР,1985,
"Вальс (фильм, 1969)",драма,Виктор Аброосимович Титов,,1969,
Великая страсть,драма,"Александр Уральский, Владимир Гардин, Иосиф Сойфер",Российская империя,1916,
Весенняя буря,драма,Альфред Деэши,Австро-Венгрия,1918,
Вместе с отцами,драма,Лазарь Френкель,СССР,1932,
Во имя прошлого,"уголовная, драма",Александр Пантелеев,Российская империя,1915,
Время ДДТ,документальный,Василий Бледнов,Россия,,
Всадники революции,Приключенческий фильм,Камиль Ярматов,СССР,1969,
Все деньги с кошельком,драма,Виталий Дудин,СССР,1981,
"Генрих IV, части 1 и 2 (фильмы, 2012)",,Ричард Эйр,Великобритания,2012,
"Гидрокосмос. Нырнуть, чтобы взлететь",документальный,Дмитрий Свергун,Россия,2008,
Девушки должны выходить замуж,музыкальная драма,Али Рида,Египет,1973,
Дело в кепке,Памфлет,,Россия,2010,
Десантник Стёпочкин,документальный,"Тимур Курбаналиев, Виктор Хоменко, Тимур Курбаналиев","Россия, Россия",2009,
Джейсон Борн (серия фильмов),боевик,"Даг Лайман, Пол Гринграсс, Тони Гилрой",США,,
Дилер (серия фильмов),"криминальная драма, гангстерский фильм",Николас Виндинг Рефн,Дания,"1996, 2004, 2005",
Днестровские мелодии,музыкальный фильм,Ион Мижа,СССР,,
Желаем успеха,киноновелла,Исидор Анненский,СССР,,
За веру и отечество,Документальный фильм,Юрий Линкевич,Россия,2010,
Забытые герои Бреста,документальный,"Суламбек Мамилов, Вахтанг Микеладзе",Россия,2010,
Замаллу,драма,Иван Перестиани,СССР,1928,
Звон мечей,документальный фильм,,"ИГ, Исламское государство Ирак",,
Звуки курая над Сеной,игровой документальный фильм,Насур Юрушбаев,Россия,2005,
"Кармилла (фильм, 1980)",Ужасы,Януш Кондратюк,Польша,1980,
Космос как послушание,документальный,Лариса Смирнова,Россия,2010,
Корсет (фильм),"короткометражка, триллер, мистика, стимпанк",Ольга Твайлайт,Россия,2015,
Красное вино победы (фильм),"военный, драма, экранизация",Эдуард Дмитриев,СССР,"9 мая, 1990",
Крутые: смертельное шоу,детективный фильм,"Игорь Шавлак, Василий Мищенко",Россия,1998,
"Легенда о Кащее, или В поисках тридесятого царства",славянское фэнтези,Валерий Ткачёв,Россия,,
Лестница в доме с лифтом,комедия,Аман Камчыбеков,СССР,1984,
Лунтик. Возвращение домой,"Детский, Комедия, Приключения, Роуд-муви, Фэнтези",Константин Бронзит,Россия,2024,
"Любовь и смерть (фильм, 1971)",мелодрама,Нобору Накамура,Япония,1971,
Марево (фильм),драма,Константин Худяков,Россия,2008,
Маня. История работницы табачной фабрики,"мелодрама, драма",Эужен (Енё) Иллеш,,1918,
Маяка с реки Бикин,документальный фильм,Юлий Файт,СССР,1958,
"Мирное время (фильм, 1964)",,Борис Кимягаров,СССР,1964,
"Моя ошибка (фильм, 1957)",комедия,Иван Кобозев,СССР,1957,
Мэрджелату по прозвищу «Жёлтая Роза»,"исторический, приключения, боевик","Дору Нэстасе, Георге Витанидис, Мирча Молдован",Румыния,,
"На крючке (фильм, 2012)","Документальное кино, Артхаус",Дарья Орхан,Россия,2012,
Над Черемошем (фильм),драма,Григорий Крикун,СССР,1954,
Нарушенная верность,драма,Пиак Постер,Таиланд,1972,
Народные мстители (фильм),"социальный, драма",Александр Мелеховец,"Россия, Белоруссия",2019,
"Неистовый, яростный, бешеный…","драма, исторический фильм, военный",Михаил Мамедов,Россия,2011,
Обратная тяга 2,драматический фильм,Гонсало Лопес-Гальего,США,,
Один перед любовью,"киноповесть, экранизация",Георге Водэ,СССР,1969,
Одной жизни мало,социальная драма,Борис Кимягаров,СССР,1974,
"Око за око (фильм, 2010)",драма,Геннадий Полока,"Россия, Белоруссия",2010,
"Око за око, газ за газ",шпионский фильм,Александр Литвинов,СССР,1924,
Офицер 55,"драма, криминал",Рустам Мелиев,Узбекистан,2022,
Паром «Анна Каренина»,мелодрама,Александра Яковлева,Россия,,
Песня о Кольцове,"исторический, биографический",Владимир Герасимов,СССР,1959,
Пиранья (серия фильмов),,,,,
"Пляска смерти (фильм, 1916)",драма,Александр Волков,Российская империя,1916,
"Поворот (фильм, 1967)",киноповесть,Борис Ермолаев,СССР,1967,
Полёт к тысячам солнц,"научно-популярный, игровой",А. Ерин,СССР,1963,
Понятая ошибка,"социальная, драма","Владимир Штраус, Иван Пырьев",СССР,1931,
Попытка к бегству (фильм),фантастика,Алекс Топаллер,"Польша, США",,
Последняя тарантелла,телевизионный балет,Александр Белинский,Россия,1992,
Последняя очередь,,Георгий Тасин,СССР,1941,
"Последняя охота (фильм, 2013)","Триллер, Драма",Александр Карпов,Россия,2013,
"Привет, малыш!",драма,Владимир Макеранец,Россия,2001,
"Продолжение (фильм, 1974)",,"Бен Друй, Тынис Каск",СССР,1974,
Простая девушка (телеспектакль),комедия,Александр Белинский,СССР,1980,
Пункт назначения,фильм ужасов,"Джеймс Вонг, Дэвид Р. Эллис, Стивен Куэйл",США,2000,
Путешествие автостопом,"драма, приключенческий фильм",Александр Панкратов,Россия,2009,
Разорванные цепи,драма,Евгений Бауэр,Российская империя,1916,
"Рай (фильм, 2006)",документальный фильм,Надежда Кошман,Украина,2006,
Рамазан (фильм),,Наби Ганиев,СССР,1933,
Русские деньги,"Исторический фильм, комедия",Игорь Масленников,Россия,2006,
Русские братья (фильм),"исторический фильм, военный фильм, драма",Николай Фомин,Россия,1992,
Сага о Веноме,,,США,2005,
Сага древних булгар,"киноэпопея, исторический",Булат Мансуров,Россия,,
Светлые ожидания,"драма, экранизация",Юрий Сергеев,СССР,1975,
Свидание по объявлению,комедия,Альфред Коллинс,,1904,
Свидание с молодостью,мелодрама,Валентин Попов,СССР,1982,
"Связной (фильм, 2002)","боевик, мистика, притча",Сергей Бодров-младший,Россия,2002,
Седьмое лето Сюмбель,драма,Булат Юсупов,Россия,2002,
Сергей Прокофьев (фильм),Биография,Сергей Алдонин,Россия,2018,
Сергей Есенин (фильм),"документальный, биографический","Павел Русанов, Борис Карпов",СССР,1965,
Слон-акробат (фильм),комедия,,Франция,,
"Служу Советскому Союзу (фильм, 1968)",хроникально-документальный фильм,"Владимир Бойков, Борис Небылицкий",СССР,1968,
Смерть ростовщика,"притча, драма",Тахир Сабиров,"СССР, Таджикская ССР",1966,
Собрание олимпийских сочинений,Документальный,Вадим Островский,Россия,2008,
Степные раскаты,историко-революционный,Мажит Бегалин,СССР,1975,
"Счастье моё (фильм, 2023)",,Алексей Борисович Франдетти,Россия,,
Тайна рукописного Корана,"приключения, история",Рафаэль Гаспарянц,СССР,1991,
"Тайна Чингисхана (фильм, 2002)","драма, исторический",Владимир Савельев,Украина,2002,
Тайна Эдвина Друда (телеспектакль),драма,Александр Орлов,СССР,1980,
Тени ползут,"драма, приключенческий фильм","Исмаил Эфендиев, Шуа Шейхов",СССР,1958,
Три женщины и мужчина,комедия,Виталий Дудин,Белоруссия,1998,
Три добрых дела,"короткометражка, сказка",Марта Котова,Россия,2022,
Тропы Алтая (фильм),"драма, экранизация",Юрий Победоносцев,СССР,1963,
Узники Пермского моря,научно-популярный фильм,Тамара Иовлева,СССР,1970,
Урок советского языка,,Арташес Ай-Артян,СССР,1941,
Цветной сектор,документальный фильм,"Андрей Татарчук, Сергей Четвертной","Россия, Латвия",2018,
Цвет золота,драма,Халмамед Какабаев,СССР,1974,
Цугцванг 2017 (фильм),"Короткометражный фильм, драма",Сергей Рамз,Россия,2017,
Человек-паук 4,"боевик, научная фантастика, супергероика",,США,,
Четырнадцать цветов радуги,триллер,Дмитрий Светозаров,Россия,2000,
Что такое теория относительности?,научно-популярный фильм,Семён Райтбурт,СССР,1964,
Чья вина,драма,Андрей Андреев,Российская империя,1916,
Экспонат из паноптикума,драма,Георгий Стабовой,СССР,1929,
Эти… три верные карты…,,,,,
Яблоня (короткометражный фильм),драма,Ольга Ажнакина,Россия,2021,
«Япон» и японец,трагикомедия,Сергей Ратников,СССР,1990,
Amateur POV Auditions,"порнофильм, гонзо",Рэй Дарк,США,,
Tushy Raw (серия фильмов),порнофильм,см. раздел,США,,
Young Fantasies,порнофильм,"Грег Лански, Лоран Скай, Джулия Гранди, Лоран Скай (5, Илья Дромбелд, Лоран Скай (7), Дерек Дозер, Лоран Скай (8)",США,,
Young & Beautiful,порнофильм,"Грег Лански, Лоран Скай, Дерек Дозер, Илья Дромбелд, Лоран Скай (9, Дерек Дозер, Джулия Гранди, Дерек Дозер, Джулия Гранди, Лоран Скай (12)",США,,
Women Seeking Women,"порнофильм, ЛГБТ-фильм, лесбийские отношения в искусстве",Дэн О'Коннелл,США,2002,
The Art of Anal Sex,порнофильм,"Грег Лански, Дерек Дозер, Лоран Скай, Лоран Скай (12), Дерек Дозер, Джулия Гранди, Лоран Скай (13), Джулия Гранди, Лоран Скай (14, Джулия Гранди, Лоран Скай, Мэтт и Эрик (16)",США,,
Strangulation Blues,драма,Леос Каракс,Франция,1980,
Silly Symphonies,рисованный мультфильм,,США,,
Sex-вампир в России,эротическая мистификация,Михаил Бабаханов,Россия,1996,
"O, Sortie!",Документальный,Руфат Гасанов,Россия,2010,
Natural Beauties,порнофильм,"Грег Лански, Илья Дромбелд, Кайден Кросс, Лоран Скай, Джулия Гранди, Лоран Скай (13—16, Дерек Дозер, Джулия Гранди, Илья Дромбелд, Лоран Скай (17), Дерек Дозер, Джулия Гранди (19)",США,,
Naguva Hoovu,драматический фильм,Р. Н. К. Прасад,Индия,1971,
My First Interracial,порнофильм,"Грег Лански, Дерек Дозер, Кайден Кросс, Лоран Скай, Дерек Дозер, Лоран Скай (15)",США,,
Kurt’s Bloody Suicide,"хоррор, психоделика",Курт Кобейн,США,"1982, 1984",
Keep smiling!,документальный,Аскольд Саулитис,Латвия,2003,
Interracial Icon,порнофильм,"Грег Лански, Дерек Дозер, Лоран Скай, Лоран Скай (12), Джулия Гранди, Лоран Скай (13",США,,
Fune o Amu,"драма, повседневность","Юя Исии, Тосимаса Куроянаги",,,
First Anal,порнофильм,"Грег Лански, Дерек Дозер, Лоран Скай, Лоран Скай (10)",США,,
Black to the USSR,документальный,,"ЮАР, Мозамбик, Россия",2022,
Black & White (серия фильмов),порнофильм,см. раздел,США,,
Anal Beauty,порнофильм,"Грег Лански, Дерек Дозер, Лоран Скай, Лоран Скай (13), Джулия Гранди, Кайден Кросс, Лоран Скай (14), Джулия Гранди, Лоран Скай (15), Дерек Дозер, Джулия Гранди, Кей Джи Би, Лоран Скай (16), Джулия Гранди, Илья Дромбелд, Лоран Скай (17)",США,,
Alegria,"современный цирк, contemporary circus",Франко Драгоне,Канада,1994,
Яхта. Самолёт. Девушка. Запретная любовь за ваш счёт,"документальный фильм, журналистское расследование",,,"2 декабря, 2019",
Яптик-Хэсе (фильм),документальный фильм,Э. Бартенев,Россия,2006,
Янковский (фильм),документальный,Аркадий Коган,Россия,2014,
"Ямщик, не гони лошадей (фильм)",драма,Евгений Бауэр,Российская империя,1916,
"Яма (фильм, 1915)",драма,Михаил Мартов,Российская империя,1915,
Язык животных (фильм),научно-популярный фильм,Феликс Соболев,СССР,1967,
"Я тебя люблю (фильм, 1985)",мелодрама,Б. Балжинням,МНР,1985,
Я пришёл дать вам волю (сценарий),"историческая драма, исторический роман",Василий Шукшин,СССР,1974,
"Я не актёра зрю, а бытия черты",документальный фильм-эссе,Игорь Чёрный,Россия,2023,
Я и моя совесть (фильм),"психологическая, драма",Яков Протазанов,Российская империя,1915,
Я — Тянь-Шань (фильм),мелодрама,Ирина Поплавская,СССР,1972,
"Я — царь, я — раб, я — червь, я — Бог (фильм)",драма,Евгений Бауэр,Российская империя,1915,
Я — Водолаз 2,,Владимир Хмельницкий,СССР,1975,
Юрий Гагарин (фильм),документальный,Юрий Сальников,СССР,1969,
Юность командиров,"военный фильм, приключения",Владимир Вайншток,СССР,1939,
Южный календарь,драма,Денис Карро,Россия,2010,
Юбилейные концерты Софии Ротару,Музыкальный концерт,София Ротару,Россия,2007,
"Эхо любви (фильм, 1974)","киноповесть, экранизация",Болотбек Шамшиев,СССР,1974,
Этюды о свободе (мини-сериал),драма,Владимир Мирзоев,Россия,"2018, 2023",
Эскиз на мониторе,драма,Руслан Зголич,"Белоруссия, Белорусская ССР",2001,
Эмиссар заграничного центра,приключенческий фильм,Василе Брескану,СССР,1979,
Экспериментальный цветной фильм Тёрнера,"документальное кино, экспериментальное кино",Эдвард Рэймонд Тёрнер,Великобритания,1902,
Экзерсис № 5,"Драма, Арт-хаус",Дмитрий Месхиев,Россия,1995,
Эддингтон (фильм),,Ари Астер,США,,
Шутить изволите?,комедия,Мирза-Ага Ашумов,Россия,1999,
Шурави (фильм),драма,Сергей Нилов,СССР,,
"Шоколад (рекламный фильм, 1972)",рекламный фильм,Арнольд Карпенко,СССР,1972,
Шестьдесят беглецов,исторический фильм,Барас Халзанов,СССР,1991,
Шестнадцатый,драма,Патвакан Бархударян,СССР,1929,
Шерстяная шаль (фильм),"драма, короткометражный фильм",Рауф Казимовский,"СССР, Азербайджанская ССР",,
Шёпот стен (серия фильмов),Истории о призраках,Ким Тхэ Ён,Южная Корея,,
Шекспириана (фильм-балет),"Телевизионный балет, драма",Феликс Слидовкер,СССР,1988,
Шекспир. Предостережение королям,"документальный фильм, исторический фильм, биографический фильм",,Россия,"11 декабря, 2016",
Швейк во Второй мировой войне (телеспектакль),"комедия, политическая сатира","Марк Захаров, Алина Казьмина (режиссёр, телевизионной версии)",СССР,1969,
"Шведская спичка (фильм, 1922)","трагикомедия, экранизация литературного произведения","Салтыков, Николай Александрович",Украинская ССР,1922,
Шахматы жизни,реалистическая драма,Александр Уральский,Российская империя,1916,
"Шанс (фильм, 2010)","короткометражный, социальная, драма",Александр Фомичёв,,2010,
Шагреневая кость (фильм),авангард,Игорь Безруков,Россия,1992,
Чинара на скале,драма,Султан-Ахмет Ходжиков,СССР,1965,
Чингиз и Бюбюсара,"Фильм-лирическая драма, драма",Жаныш Кулмамбетов,Киргизия,2009,
Чеченский капкан,документальный фильм,Максим Смирнов,Россия,2004,
Четверо в одной шкуре,"сатира, фельетон",Генрих Маркарян,СССР,1963,
"Чёртово колесо (фильм, 2006)",мелодрама,Вера Глаголева,Россия,2006,
Чёрный таксист,"Мистика, Хоррор",Анастасия Белокурова,Россия,2011,
Чернушка (фильм),драма,"Шамиль Махмудбеков, Руфат Шабанов",СССР,1966,
Черепашки-ниндзя в кино,,"Стив Бэррон, Майкл Прессман, Стюарт Гиллард, Кевин Манро, Джонатан Либесман, Дэйв Грин",США,,
Чемоданы Тульса Люпера,,Питер Гринуэй,Великобритания,,
Челюсти (серия фильмов),,Стивен Спилберг,США,,
Человеческие бездны,психологическая драма,"Евгений Бауэр, Иван Лазарев",Российская империя,1916,
Человек-паук в кино,"боевик, драма, научная фантастика, приключения, комедия, супергероика",,США,,
Человек и цепи,драма,Кямиль Рустамбеков,СССР,,
Чайный пьяница,"комедия, криминал, фантастика","Баста, Ден Крючков","Россия, Китай",2008,
"Чайка (фильм, 2005)",драма,Маргарита Терехова,Россия,2004,
Цыганские романсы,Музыкальная драма,Петр Чардынин,Российская империя,1914,
Цена сокровищ,"приключенческий фильм, истерн",Сергей Тарасов,"Россия, США",1992,
Цвет белого снега,мелодрама,"Анатолий Васильев, Суламбек Мамилов",СССР,1970,
"Царский гнев (фильм, 1912)",,Кай Ганзен,Российская империя,1912,
Цари биржи,драма,Сигизмунд Веселовский [Николай Арбатов?],Российская империя,1916,
Царевна (телесериал),"драматический сериал, мелодрама",Halyna Cherniak,Украина,,
"Хэй, бро!","документальное кино, роуд-муви",Александр Элькан,Россия,2018,
Хроники грузинского августа,документальный,Ия Баратели,Грузия,2009,
Хребет России,"иденти, краеведческий","Сергей Нурмамед, Иван Скворцов, Андрей Лазарев",Россия,2010,
Хочу жениться,комедия,Джахангир Мехтиев,СССР,1983,
Холопы (телеспектакль),"драма, телеспектакль","Борис Львов-Анохин, Владимир Семаков",СССР,1988,
Холодное золото,"истерн, боевик",Пётр Хики,Россия,2021,
Хоккейные игры (фильм),"драма, спорт, фильм-биография",Ксения Кондрашина,Россия,,
Хоббит (кинотрилогия),"эпическое фэнтези, приключения",Питер Джексон,"Новая Зеландия, США",,
Хмурый Вангур (фильм),"приключения, драма",Анатолий Дудоров,СССР,1959,
"Хирургия (фильм, 1909)","комедия, экранизация",Пётр Чардынин,Российская империя,1909,
Хвала безумию,лирическая кинопоэма,Александр Уральский,Российская империя,1915,
Хана-икуса,Мелодрама,Хосида Рёко,,2007,
Хандра (фильм),комедия,Алексей Камынин,Россия,,
Халима (фильм),"драма, криминал",Усман Сапаров,СССР,1991,
Хайль Зеленский,,,Россия,,
Франкенштейн Гильермо дель Торо,Триллер,Гильермо дель Торо,США,,
Фотограф сновидений,Музыкальный концерт,Алексей Гарнизов,Россия,1999,
Фонограф (фильм),исторический фильм,Кирилл Серебренников,Россия,2016,
"Флория Тоска (фильм-опера, 1981)","фильм, опера, музыкальный фильм, драма, мелодрама","Роман Тихомиров, Вячеслав Середа",СССР,1981,
Флип (фильм),документальный,Гелесхан Батырханов,Россия,2020,
"Фламинго, розовая птица",драма,Тофик Тагизаде,Азербайджанская ССР,1972,
Финикийский план,,Уэс Андерсон,США,,
Филиппинец и пьяный,,Шухрат Аббасов,СССР,1958,
Феодосийская сказка,сказка,Наталья Лебедева,Россия,2021,
"Февраль (фильм, 2014)",,Руслан Магомадов,Россия,2014,
Фатали-хан (фильм),"биографический фильм, исторический фильм",Ефим Дзиган,"СССР, Азербайджанская ССР",1947,
Фантастическая четвёрка в кино,,Тим Стори,США,,
"Фальшивомонетчики (фильм, 1910)","приключенческий фильм, детектив",,Франция,1910,
Фагот (фильм),комедия,Борис Гуц,Россия,2018,
Участковый Чычын,Комедия,Михаил Братухин,Республика Абхазия,,
Утро (фильм),"драма, исторический фильм",Ага-Рза Кулиев,"СССР, Азербайджанская ССР",1960,
Уроки выживания,"комедия, семейный фильм, приключенческий фильм",Андрей Томашевский,Россия,2015,
Урок астрономии,научно-популярный фильм,Семён Райтбурт,СССР,1974,
"Ураган (фильм, 1916)",драма,Борис Сушкевич,Российская империя,1916,
"Умный, умнее, умнейший!",детектив,неизвестен,Франция,,
"Ультиматум (фильм, 1999)",комедия,Анатолий Эйрамджан,Россия,1999,
Улыбка медузы (фильм),драма,Николай Маликов,Российская империя,1918,
"Улица (фильм, 1972)","драма, комедия",Геннадий Базаров,СССР,1972,
Украина — Становление нации,"документальный, исторический",Ежи Гофман,Польша,2008,
Уик-энд с убийцей,иронический детектив,Юрий Марухин,Белоруссия,1992,
Узбечка (фильм),"драма, военный",Акбар Бектурдыев,"Узбекистан, Белоруссия",2022,
Ужас Амитивилля (серия фильмов),"Фильм ужасов, триллер","Стюарт Розенберг, и др.",США,,
Удовольствие мыслить иначе (фильм),"Кино-философия, научно-популярный",Дитковский Марк,Россия,2009,
Удел человеческий (фильм),"военная, драма, военная, драма, военная, драма, военная, драма","Масаки Кобаяси, Масаки Кобаяси, Масаки Кобаяси, Масаки Кобаяси","Япония, Япония, Япония, Япония","1959, 1961, 1959, 1959, 1961",
"Удар судьбы (фильм, 1996)",триллер,Рафаэль Монлеон,Испания,1997,
Увидеть Марс… и не сойти с ума,документальный,Андрей Гречиха,Россия,2011,
Убийца поневоле (фильм),"криминал, боевик",Музраб Баймухамедов,СССР,1990,
Убийца и кюре,немое кино,,Франция,1904,
У каждого свой Чехов,"киноальманах, драма","Людмила Соколова, Александр Драглюк, Виктор Тросин, Максим Фирсенко, Анастасия Храмова",Украина,2012,
"Тяжёлый случай (фильм, 2013)","мелодрама, комедия",Константин Мурзенко,Россия,2013,
Тут… недалеко,драма,Георгий Николаенко,СССР,1979,
Трэвис: Правдивая история Трэвиса Уолтона,"научная фантастика, документальный фильм",Дженнифер Стайн,,2015,
Труп № 1346,мелодрама,В. Кривцов,Российская империя,1912,
Труженики моря (фильм),драма,"Эдмон Сешан, Гизо Габескирия","Франция, СССР",1986,
Тройка (телесериал),"комедия, драма",Леонид Прудовский,"Израиль, Россия",2010,
Трое с одной улицы,драматический фильм,Николай Шпиковский,СССР,1936,
Триумф духа (История Феликса Зандмана),Документальное кино,Хаим Эхт,Израиль,2006,
Тринадцать чёрных лебедей,драма,Владимир Гарлицкий,Российская империя,1916,
Трилогия Оушена,"Фильм-ограбление, Комедия, Криминал, Приключения",Стивен Содерберг,,"2001, 2018",
Трилогия приквелов «Звёздных войн»,Космическая опера,Джордж Лукас,США,,
Трилогия сиквелов «Звёздных войн»,,"Дж. Дж. Абрамс, Райан Джонсон",США,,
Трилогия о мести,"драма, детектив, триллер, криминал",Пак Чхан Ук,Южная Корея,,
Три солнца,,Арья Дашиев,СССР,,
Три мушкетёра (кинодилогия),приключения,Мартен Бурбулон,Франция,2023,
"Три мушкетёра (фильм, 1961)","экранизация, приключенческий фильм",Бернар Бордери,"Франция, Италия",1961,
Третья дочь,"драма, экранизация",Анвар Тураев,СССР,1970,
Трапеция (телебалет),телебалет,"Ф. С. Слидовкер, В. В. Смирнов-Голованов",СССР,,
Трансформеры (серия фильмов),"научная фантастика, боевик, приключения","Майкл Бэй, Трэвис Найт, Стивен Кейпл-мл.",США,2007,
Трагедия семьи Набатовых,драма,Сигизмунд Веселовский,"Российская империя, Царство Польское",1915,
Торгсин (телесериал),"драма, криминальный фильм",Дмитрий Петрунь,Россия,,
Тореадоры из Васюковки (фильм),комедия,"С. Зеликин, В. Осипянц",СССР,,
Тоня плачет на мосту влюблённых,драма,Антон Коломеец,Россия,2014,
Только остров не возьмёшь с собой,"детский фильм, драма",Гюльбениз Азимзаде,СССР,,
Только один,"триллер, драма",Александр Сигуев,Россия,2022,
Токтогул (фильм),"киноповесть, история, драма, фильм-биография",Владимир Немоляев,СССР,1959,
Товарный № 717,детский,Николай Лебедев,СССР,1931,
Товарищи потомки,документальный,Юрий Белянкин,СССР,1968,
Товарищи под знаком Эдельвейса,документальный фильм,Вольфганг Гортер,Германия,1943,
Товарищ Иннокентий,историко-революционная драма,"Евгений Мезенцев, Иосиф Шапиро",,1981,
Товарищ Бойкенжаев,"сатирическая, комедия",Юсуп Разыков,Узбекистан,2002,
Тобой казнённые,"драма, мелодрама",Владимир Максимов,Россия,1917,
Тишины не будет,драма,Борис Кимягаров,СССР,1962,
Тени Фаберже,детектив,"Александр Бородянский, Константин Худяков",Россия,2008,
"Телеграмма (фильм, 1957)",драма,Георгий Щербаков,СССР,1957,
Театр абсурда (мини-фильм),"Артхаус, притча",Максим Апрятин,Россия,2011,
Твой первый час,драма,Ариф Бабаев,Азербайджанская ССР,1973,
Твой сын,мелодрама,Гунар Пиесис,СССР,1978,
Твоё мирное небо,киноповесть,"Владимир Горпенко, Исаак Шмарук",СССР,1984,
Твёрдая порода (фильм),драма,"Генрих Маркарян, Альберт Мкртчян",СССР,1974,
Татарский триптих,"мелодрама, экранизация",Александр Муратов,Украина,2004,
Тася (фильм),короткометражный,Роман Артемьев,Россия,2007,
Тарантелла (фильм),"Короткометражный фильм, психологический триллер",Кристофер Нолан,,1989,
Танец мотылька,драма,Ольгерт Дункерс,СССР,1971,
"Танец живота (фильм, 2007)",Мелодрама,Евгений Семёнов,Россия,2007,
"Там, за Перекопом...",,"Кристи, Леонид Михайлович",СССР,1974,
Талисман любви (фильм),мелодрама,"Ислам Казиев, Анатолий Петрицкий",СССР,1984,
Тактика бега на длинную дистанцию,"драма, военный","Рудольф Фрунтов, Евгений Васильев",СССР,,
Так сложились звёзды,байопик,Сергей Снежкин,"Казахстан, Россия",2016,
Так рождается песня,"биографическая, драма","Микаил Микаилов, Рза Тахмасиб",СССР,1957,
Тайны святого Юра,"драма, антирелигиозный, исторический фильм",Валерьян Пидпалый,СССР,1982,
Тайны мукама,,Алты Карлиев,СССР,1973,
Тайное и явное (Цели и деяния сионистов),псевдодокументальный,Борис Карпов,СССР,1973,
Тайная разведка,шпионская драма,Лу Юй,Китай,1957,
Тайна германского посольства,драма,Евгений Бауэр,Российская империя,1914,
Таинственный некто,Драма,,Россия,1914,
Табу (серия фильмов),порнофильм,,США,,
"Та сторона, где ветер (фильм)",телеспектакль,В. Кеворков,СССР,1979,
Сыщик без лицензии,детектив,"Валерий Усков, Владимир Краснопольский",Россия,,
Сыщик с плохим характером,"детский, детектив","Владимир Панжев, Андрей И",Россия,2001,
Сырые дрова,,Сергей Варицкий,Россия,2007,
Сыну пора жениться,музыкальная комедия,Тахир Сабиров,"СССР, Таджикская ССР",1959,
Сын Израиля,драма,Георгий Азагаров,Российская империя,1917,
"Схватка (фильм, 1982)",психологическая драма,Юрий Ерзинкян,СССР,1982,
Сумасшедший на свободе,,,,,
"Сувенир (фильм, 1942)","драма, короткометражный фильм","Гусейн Саидзаде, Ниязи Бадалов",СССР,1942,
"Ступа (фильм, 2019)","биография, документальный фильм",Кирилл Ненашев,Россия,2019,
Стреляй немедленно!,мелодрама,Виллен Новак,"Украина, Россия",2008,
"Страшная месть (фильм, 1912)",драма,Владислав Старевич,Российская империя,1913,
Страх и отчаяние в Третьей империи (телеспектакль),телеспектакль,"А. Павлов, Давид Карасик",СССР,,
Стратегия победы,хроникально-документальный фильм,"Виктор Рабинович, Станислав Белянинов, Виктор Крюков, Игорь Беляев, Самарий Зеликин",СССР,1984,
Странный человек (фильм),"боевик, фэнтези",Чжан Чэ,Гонконг,1983,
Странное Рождество,комедия,Максим Паперник,Украина,2006,
"Странная история (фильм, 1960)","комедия, короткометражный фильм",Шуа Шейхов,"СССР, Азербайджанская ССР",1960,
Страницы Сталинградской битвы,многосерийный телевизионный хроникально-документальный фильм,"Виктор Магатаев, Анастасия Осокина",СССР,1967,
"Страницы жизни (фильм, 1974)","детский фильм, драма, киноальманах, комедия, мелодрама","Гюльбениз Азимзаде, Фикрет Алиев, Тимур Бекирзаде",СССР,1974,
Столичный яд,драма,Пётр Чардынин,Российская империя,1916,
Сто двадцать тысяч в год,социальная драма,Григорий (Гирш) Черняк,СССР,,
"Стенька Разин (фильм, 1914)",драма,Григорий Либкен,Российская империя,1914,
Старые молодые люди,драма,Олег Шухер,Россия,1992,
Старт номер сто,документальный,Алексей Китайцев,Россия,2008,
"Старик и ребёнок (фильм, 1967)",драма,Клод Берри,Франция,1967,
Старая черешня,"детский фильм, драма, короткометражный фильм",Тофик Исмайлов,"СССР, Азербайджанская ССР",1972,
Станция любви,мелодрама,Талгат Теменов,Казахстан,,
"Станционный смотритель (фильм, 1918)",Драма,Александр Ивановский,Российская Империя,,
Срочно требуется песня,документальный,Станислав Чаплин,СССР,1967,
Список фильмов кинематографической вселенной Marvel,боевик,,США,,
Список Киселёва,документальный фильм,Юрий Малюгин,Россия,2008,
Спасти тигра,Документальный фильм,Росс Кауфман,США,2019,
Спасибо (фильм),Комедия,Дмитрий Томашпольский,Россия,2003,
Софи (фильм),семейный фильм,Илья Литвак,Россия,2007,
Сотворение любви,драма,Валериу Жереги,"Россия, США, Румыния, Украина, Молдавия",2006,
Сослуживцы (телеспектакль),"телеспектакль, комедия, мелодрама, экранизация","Борис Кондратьев, Инна Герасимова",СССР,1973,
Соси банан,музыкальный фильм,Сергей Лобан,Россия,2002,
Сонм белых княжон,"документальный, исторический",Николай Обухович,Россия,1992,
Сон болельщика,"кинофельетон, комедия, сатирическая новелла",Герберт Раппапорт,СССР,1953,
Солдатский сын,"драма, детский",Николай Лебедев,СССР,1933,
Солдатёнок,"драма, экранизация",Эльдор Уразбаев,СССР,1972,
Создание фильмов «Мстители: Война бесконечности» и «Мстители: Финал»,,"Энтони Руссо, Джо Руссо",США,"2018, 2019",
Советские патриоты (фильм),"приключения, шпионский фильм",Григорий Ломидзе,СССР,1939,
"Советская Латвия (фильм, 1950)",документальный,Фёдор Киселёв,СССР,1950,
Совесть священника (фильм),немое кино,,Франция,,
Собор на крови,Документальный фильм,Игорь Кобрин,Украина,2006,
Сны?,"мистерия /, драма",Владимир Ракша,Россия,2009,
Снег среди лета,"киноповесть, мелодрама",Георгий Овчаренко,СССР,1967,
Смуthи в портрете ин100грамма,"Театр абсурда, Музыкальная комедия",Сергей Угольников,Россия,2015,
Смерть Вазир-Мухтара (телеспектакль),"историческая, драма, фильм-биография","Владимир Рецептер, Роза Сиро́та",СССР,1969,
"Смерть богов (фильм, 1916)","эпическая, драма",Владимир Касьянов,Российская империя,1916,
Случайная женщина,драма,Владимир Гарлицкий,Российская империя,1915,
Случай в Даш-Кале,"драма, социальная драма",Меред Атаханов,СССР,1963,
Сложноподчинённое,,Олеся Яковлева,,2019,
Слежка (триллер),"триллер, хоррор, слэшер",Владимир Янковский,,2022,
Следы на воде,"военный, детектив",Александр Анисимов,Белоруссия,2016,
Скоро кончится лето,"драма, комедия",Яна Скопина,"Россия, Казахстан",2022,
Сквозь ледяную мглу,"историко-, биографический фильм","Аркадий Кольцатый, Лев Рудник",СССР,1965,
Сказки старого пианино,"Драма, Эссе, Драма, Эссе","Яковенко Владислав, Владимир Петкевич, Оксана Черкасова, Майкл Спорн, Патти Стрен, Барри Первз, Ирина Марголина, Юлия Титова, Елена Петкевич, Ирина Кодюкова, Андрей Ушаков, Ирина Марголина, Елена Петкевич, Владимир Петкевич, Оксана Черкасова, Майкл Спорн, Патти Стрен, Барри Первз, Ирина Марголина, Юлия Титова, Елена Петкевич, Ирина Кодюкова, Андрей Ушаков","Россия, Белоруссия, Англия, США, Россия, Белоруссия, Англия, США",2012,
Сказка синего моря,драма,Евгений Бауэр,Россия,1916,
Сказка о спящей царевне и семи богатырях,Сказка,Пётр Чардынин,Российская империя,1914,
Сказание о храбром витязе Фэт-Фрумосе (фильм),"сказка, приключенческий фильм","Владимир Иовицэ, Николай Есинеску",СССР,1977,
"Сказание о любви (фильм, 1961)",драма,Лятиф Сафаров,"СССР, Азербайджанская ССР",1961,
Сказ о матери (фильм),драматический фильм,Александр Карпов,СССР,1963,
Система развлечений не работает,,Рубен Эстлунд,,,
Сила внутри нас,фарс,Пётр Чардынин,Российская империя,1915,
"Сёстры Бронские (фильм, 1916)",драма,Евгений Бауэр,Российская империя,1916,
Сесиль умерла (телеспектакль),драма,В. Бровкин,СССР,1969,
Серебряное и чёрное,"супергеройский, боевик",Джина Принц-Байтвуд,США,,
Семь красавиц (фильм),музыкальный фильм,"Слидовкер, Феликс Семёнович",,1982,
"Седьмой маршрут (фильм, 1998)",,Михаила Ильенко,Украина,1998,
Сегодня — премьера,Документальный фильм,"Семен Аранович, Майя Меркель",СССР,1965,
Севастопольские истории. Подводные тайны Крымской войны,документальный,Александр Лютенков,Россия,2005,
"Светит, да не греет (фильм, 1911)",,Пётр Иванович Чардынин,Российская империя,1911,
Светильник матери,"драма, короткометражный фильм",Тофик Исмайлов,Азербайджанская ССР,1970,
Сватанье на Гончаровке (фильм),"фильм-спектакль, комедия, музыкальный, экранизация",Игорь Земгано,СССР,1958,
Свадьба во дворце,"музыкальный, кинокомедия",Влад Иовицэ,СССР,1969,
"Свадьба (фильм, 2017)",мелодрама,Эмиль Грег,"США, Канада",2017,
Саякбай. Гомер 20 века,Фильм-биография,Эрнест Абдыжапаров,Кыргызстан,2017,
Сары Гялин (фильм),"военный фильм, драма",Явер Рзаев,Азербайджан,1998,
Сапожки (фильм),экранизация,Алексей Поляков,СССР,1972,
"Самолёт (фильм, 2015)",драма,Олег Галицкий,Россия,2015,
Самая послушная,"драма, экранизация","Леонид Гуревич, Бекеш Абдылдаев",СССР,1965,
Салли Гарднер в галопе,,,,,
"Салам, Ош","комедия, мелодрама",Тынчтыкбек Бугучиев,Кыргызстан,2017,
Рюрик. Потерянная быль,фолк-хистори,Юлия Галкина,Россия,2012,
Рыжий самолёт,лирическая драма,"Арнольд Агабабов, Аркадий Айрапетян",СССР,1975,
Рыжая и снег,"комедия, драма",Амет Магомедов,Россия,2007,
Русский заповедник,документальный,Валерий Тимощенко,Россия,2008,
"Ромео, мой сосед","комедия, музыкальный",Шамиль Махмудбеков,СССР,1963,
Романс о поэте,музыкальный фильм,Юрий Рашкин,Россия,1992,
Роковой талант (фильм),драма,Пётр Чардынин,Российская империя,1916,
Рокировка (фильм),"драма, детективный фильм","Тимофей Фёдоров, Владимир Кононенко, Милиана Черкасова",Россия,2004,
Рождественская история с Тиной Кароль,"семейный, музыкальный","Наталья Лысенкова, Андрей Музыка, Дария Сагинова",Украина,2016,
"Рождение (фильм, 1976)","историко-революционный, историко-биографичный",Фрунзе Довлатян,СССР,1976,
Родные души (фильм),кинороман,Пётр Чардынин,Российская империя,1915,
"Ритмы Апшерона (фильм, 1970)","мюзикл, фильм-концерт",Эльдар Кулиев,СССР,1970,
"Рим, 17...","фильм-спектакль, экранизация, комедия",Юрий Суярко,СССР,1972,
Рига. Десять лет спустя,документальный,Арта Бисениеце,Латвия,2001,
Решающая схватка,,Сергей Шутов,СССР,1978,
Религия диких,драма,Борис Сушкевич,Российская империя,1918,
Рассказ о моём друге,документальный,И. Рассомахин,СССР,1971,
Рассвет халифата и возвращение золотого динара,документальный фильм,,Исламское государство,2015,
Рассвет великой степи,,,Казахстан,,
Ради счастья,драма,Пётр Чардынин,Российская империя,1916,
Пять дней отдыха,"драма, мелодрама, военный",Гаврилов Эдуард,СССР,1969,
Пыль под солнцем,,Марийонас Гидрис,Литва,1977,
Пушкин и Пущин (фильм),"документальный фильм, исторический фильм",Марина Голдовская,СССР,1980,
Путь Самоделкина (фильм),"Детектив, Экспериментальное кино",,Россия,2009,
Путь к медалям,"спортивная, драма","Дзюнъя Сато, Никита Орлов","СССР, Япония",1980,
Путешествуя по сети ненависти,документальный фильм,"Нике Нордмарк, Хассе Йоханссон",Швеция,2013,
Путешествие Достоевского,документальный фильм,Павел Павликовский,,,
"Путаница (фильм, 1916)",комедия,Александр Уральский,Российская империя,1916,
Пункт пропуска (фильм),"военный, драма",Вера Соколова,Россия,2021,
Птицекалипсис (серия фильмов),"Фильм ужасов, Романтический фильм, Триллер",Джеймс Нгуен,США,,
Психи,драма,Алексей Китайцев,Россия,2016,
Прощание с Каиром,"драма, экранизация",Олег Бийма,Украина,2002,
Прошло три года (фильм),Документальный,Александр Расторгуев,Россия,2019,
"Процесс (фильм, 2020)","короткометражный, драма, комедия",Сергей Кальварский,Россия,2020,
"Противостояние (мини-сериал, 2024)","драма, военный фильм, криминальный фильм, детективный фильм",Тимур Алпатов,Россия,2024,
Прорубь (фильм),,Андрей Сильвестров,Россия,2017,
"Прокурор (фильм, 1941)",драма,Евгений Иванов-Барков,СССР,1941,
Прокляты и забыты,"Военный фильм, Документалистика","Инна Ванина, Сергей Говорухин",Россия,1997,
"Прокажённая (фильм, 1928)","драма, экранизация",Олег Фрелих,СССР,1928,
Прогулки с Бродским,документальный фильм,"Елена Якович, Алексей Шишов",Россия,"1993, 2000",
Провокаторы (фильм),документальный фильм,Аркадий Мамонтов,Россия,2012,
"Пробуждение (фильм, 1915)","социальная психологическая, драма",Пётр Чардынин,Российская империя,1915,
Про людей и про войну,,"Андрей Красавин, Андрей Сальников, Александр Кананович и др.",Россия,,
Принц привидение,"сказка, фэнтези",Сапармухаммед Джаллыев,СССР,1990,
Приморский климат (фильм),"«оптимистично-иронический рассказ о любви, приморском климате и…»",Роланд Калныньш,СССР,1972,
Приключения пана Антония,комедия,Виктор Беганьский,Польша,1913,
Приключения Мгера в отпуске,"кинопародия, комедия",Эрнест Мартиросян,СССР,1973,
Приключение Лины в Сочи,комедия,Евгений Бауэр,Российская империя,1916,
"Приваловские миллионы (фильм, 1915)",исторический,Владимир Гардин,Российская империя,1915,
Приблуда (фильм),трагикомедия,Валерий Ямбурский,Украина,2007,
"Преступление и наказание (фильм, 1987)","драма, экранизация",Анджей Вайда,ПНР,1987,
"Прекрасный поход (фильм, 1963)",исторический,Данек Олдржих,ЧССР,1963,
Председатель ревкома (фильм),"драма, история",Генрих Маркарян,СССР,1977,
"Праздник (фильм, 1988)",Фарс,Владимир Толкачиков,СССР,1988,
Правдивая история киномузыки,документальный фильм,Роман Саульский,Россия,,
Правдивая история об Алых парусах,мелодрама,Александр Стеколенко,Украина,2010,
Похищение чародея (телеспектакль),фантастика,Глеб Селянин,СССР,1981,
Похищение скакуна,"приключения, истерн",Халмамед Какабаев,СССР,1978,
Потонувший колокол (фильм),драма,"Черноблер, В.",РСФСР,1920,
Потомки Жёлтого императора,"романтическая, драма",Бай Ке,Китайская Республика,1956,
"Потанцуй со мной (фильм, 2021)",мелодрама,Никандр Фёдоров,Россия,2021,
Постарайся не дышать,"короткометражный, драма",Алина Абдуллаева,"Азербайджан, Швейцария",2006,
Последняя исповедь,"драма, военный фильм",Сергей Лялин,Россия,2006,
Последняя альтернатива,"фантастика, детектив, телеспектакль",Владимир Латышев,СССР,1978,
Последний хранитель Беловодья,"приключения, фэнтези",Евгений Бедарев,Россия,,
Последний снег,"психологический, драма, военный, фильм-биография",Рубен Мурадян,СССР,1970,
Последний бой майора Пугачёва,военная драма,Владимир Фатьянов,Россия,2005,
Последний богатырь (франшиза),,,,,
Последние герои Рио Браво,вестерн,Джо Корнет,США,,
После (серия фильмов),"Романтический фильм, Драматический фильм","Дженни Гейдж, Роджер Камбл, Кастилл Лэндон",США,,
Полёт ночной бабочки,мелодрама,Юрий Бержицкий,Белоруссия,1992,
Покаянная любовь,"драма, экранизация",Василий Панин,Россия,2003,
"Позабудь про камин, в нём погасли огни","драма, мелодрама",Пётр Чардынин,Россия,1917,
"Поединок (фильм, 1910)",драма,Андре Мэтр,Российская империя,1910,
Подвиг (фильм),драма,Алексей Смирнов,Россия,2021,
Подарок феи,"приключения, фэнтези",Фархад Махмудов,"Узбекистан, Россия",2022,
Под опрокинутым месяцем,драма,Эрик Лацис,СССР,1976,
Под обломками самодержавия,драма,Вячеслав Висковский,Российская империя,1917,
Под небом древних пустынь,,"Шнейдеров, Владимир Адольфович",СССР,1958,
Под знойным небом,"драма, мелодрама",Лятиф Сафаров,"СССР, Азербайджанская ССР",1957,
Погоня за колесом,Комедия,,Франция,1911,
Повесть о коммунисте,документалистика,"Игорь Бессарабов, Кочетков, Александр Степанович",СССР,1976,
Повести Белкина. Выстрел (телеспектакль),драма,Петр Фоменко,СССР,1981,
По ту сторону Фитны,документальный фильм,,Иран,2008,
По следам Чарвадаров,драма,Тофик Исмайлов,СССР,,
По прямой,драма,Сергей Члиянц,"Россия, Украина",,
По дороге в Голливуд,"Поп-музыка, евродэнс",Алексей Гарнизов,"США, Россия, США, Россия",1996,
Плесень (фильм),псевдодокументальный фильм,Дмитрий Васильев,Россия,2008,
Планета меняет цвет,"мелодрама, триллер",Мухиддин Музаффар,Таджикистан,2018,
Пламя неба (фильм),"драма, мелодрама",Евгений Бауэр,Российская империя,1915,
Пламя войны,документальный фильм,,ИГ,2014,
Песня табунщика,Музыкальная комедия,Андрей Фролов,СССР,1956,
Песня помнит всё,Документальный фильм,Татьяна Миллер,Украина,2007,
Песня Линшуй,мелодрама,"Андрей Мышкин, Цзян Лю","Россия, Китай",2018,
Песня исцеления,документальный фильм,Гамер Саламзаде,СССР,1944,
Перси Джексон (серия фильмов),"фэнтези, семейный, приключения","Крис Коламбус, Тор Фройденталь (2)","США, Великобритания, Канада",,
Переславль-Залесский (фильм),"научно-просветительский, и, документальный",,СССР,1960,
"Переполох (фильм, 1928)",кинокомедия,Александр Левшин,СССР,1928,
"Перед рассветом (фильм, 1961)","драма, экранизация",Григорий Мелик-Авакян,СССР,1961,
"Первый экзамен (фильм, 1958)",киноповесть,"Хангельды Агаханов, Павел Сыров",СССР,1958,
"Первый снег (фильм, 2021)",,Наталия Кончаловская,Россия,2021,
Первый мяч (фильм),драма,Николай Розанцев,СССР,1962,
Первой по росе прошла красавица,новелла,Виталий Дудин,СССР,1979,
"Педро (фильм, 1938)",,,СССР,1938,
"Пауза (фильм, 1967)","драма, экранизация",Алексей Щербаков,СССР,1967,
Пастух (фильм),"драма, экранизация",Искра Бабич,СССР,1957,
Париж. Почему Маяковский?..,документальный фильм,Виктор Лисакович,СССР,1981,
Палочкин и Галочкин,комедия,Александр Ханжонков,Российская империя,1907,
"Павана мавра (фильм-балет, 1985)","Телевизионный балет, драма",Евгения Попова,СССР,,
Очень страшное кино (серия фильмов),"комедия, пародия","Кинен Айвори Уэйанс, Дэвид Цукер, Малкольм Д. Ли",США,"2000, 2013",
Очень скучная история,драма,Джамиль Кулиев,СССР,,
"Отцы и дети (фильм, 1915)","драма, экранизация",Вячеслав Висковский,Российская империя,1915,
Отравительница (фильм),Мелодрама,Альбер Капеллани,Франция,,
"Отец, мать, сестра, брат",,Джим Джармуш,США,,
"Отец и сын (фильм, 1979)",,"Владимир Краснопольский, Валерий Усков",СССР,1979,
"Отец и сын (фильм, 1936)",драма,Маргарита Барская,СССР,1936,
"Отель «У погибшего альпиниста» (фильм, 2025)","фантастический, детектив",Александр Домогаров-младший,Россия,,
Особь (серия фильмов),,,США,,
Особняк Голубиных,"агитфильм, драма",Владимир Гардин,СССР,1924,
Осечка (фильм),комедия,Виктор Макаров,Россия,1993,
"Осени себя крестным знамением, православный русский народ",немое кино,В. Н. Карин,Российская империя,1911,
Оружием на солнце сверкая,драма,Георгий Азагаров,Российская империя,1916,
Опять надо жить,драма,Василий Панин,Россия,1999,
Оправдание Гоголя,документальный фильм,Виктор Спиридонов,Россия,2009,
Опали листья с деревьев,"драма, военный",Станислав Ружевич,ПНР,1975,
Они и мы,"музыкальный, короткометражный",Евгений Андриканис,СССР,1986,
Он пришёл дать нам волю,,Сергей Нурмамед,Россия,,
Он мог быть первым. Драма космонавта Нелюбова,документальный,Майя Данилевская,Россия,2007,
"Он (фильм, 1915)",драма,Александр Уральский,Российская империя,1915,
Олигархи (фильм),Документальный,Александр Гентелев,"Израиль, Канада",2004,
"Окно (фильм, 1991)",драма,"Энвер Аблуч, Гасан Аблуч",СССР,1991,
Озеро страха (серия фильмов),"фильм о монстрах, фильм ужасов",,,,
Одни (фильм),экранизация,"Леонид Головня, Александр Сурин",СССР,1966,
"Одна из многих (фильм, 1916)",драма,Евгений Бауэр,Российская империя,1916,
Один за всех!,музыкальный фильм,Олег Рябоконь,СССР,1985,
Объявлен розыск…,детектив,Глеб Селянин,СССР,1981,
"Обрыв (фильм, 1913)",,Пётр Иванович Чардынин,,1913,
Обожжённые крылья (фильм),драма,Евгений Бауэр,Российская империя,1915,
Обитель зла (серия фильмов),"фантастика, боевик, ужасы","Пол Андерсон, (Обитель зла, Обитель зла 4: Жизнь после смерти, Обитель зла: Возмездие, Обитель зла: Последняя глава), Александр Уитт, (Обитель зла 2: Апокалипсис), Рассел Малкэхи, (Обитель зла 3)","США, Германия, Канада, Франция",,
Обещание счастья,телеспектакль,Лев Цуцульковский,СССР,,
"О, если б мог выразить в звуках…",драма,Евгений Бауэр,Российская империя,1916,
Ночь на размышление (телеспектакль),драматический фильм,Сергей Сатыренко,СССР,,
Ночь длиною в жизнь,военная драма,Николай Хомерики,Россия,2010,
Нота (фильм),"документальный фильм, интервью",Олег Дорман,Россия,2012,
"Новый путь (фильм в двух частях, 1936)","Фильм-драма, мелодрама",Хэйноскэ Госё,Япония,1936,
Новогодний романс,мелодрама,Георгий Юнгвальд-Хилькевич,Россия,2003,
Новогодние мужчины,"комедия, мелодрама","Виктор Мережко, Валерий Саркисов",Россия,2004,
Новейшая история. Семнадцать мгновений весны 25 лет спустя,Документальный фильм,"Сергей Кожевников, Александр Левин",Россия,1998,
Новая повесть о доме Тайра: Сидзука и Ёсицунэ,"дзидайгэки, историческая, драма",Кодзи Сима,Япония,1956,
"Нина (фильм, 1916)",драма,Евгений Бауэр,Российская империя,1916,
"Нибелунги (фильм, 1924)","эпос, Эпос","Фриц Ланг, Фриц Ланг","Германия, Германия","1924, 1924",
Неудержимые (франшиза),боевик,"Сильвестр Сталлоне, Саймон Уэст, Патрик Хьюз",США,,
"Нет дыма без огня (фильм, 1972)","комедия, экранизация","Ходжадурды Нарлиев, Хабиб Гусейнов",СССР,1972,
Нестреляные патроны,"художественный, фильм с, документальными, кадрами",Самвел Тадевосян,Армения,2006,
"Несломленный (фильм, 2021)",,,,,
Необыкновенная охота,"драма, короткометражный фильм",Абдул Махмудов,"СССР, Азербайджанская ССР",1974,
Нелли Раинцева (фильм),драма,Евгений Бауэр,Российская империя,1916,
Неволя (фильм),"драма, военный",Рашид Маликов,Узбекистан,2021,
Невинность мусульман,художественный фильм,Накула Басел Накула,США,2012,
Невеста студента Певцова,"бытовая, драма",Евгений Бауэр,Российская империя,1916,
"Небо нашего детства (фильм, 1966)",драма,Толомуш Океев,СССР,1966,
Не спрашивай меня ни о чём,мелодрама,"Роман Качанов, Иван Бирюков",СССР,1991,
"Не пойман — не вор (фильм, 1923)","драма, комедия, киноповесть, приключения",Пётр Чардынин,СССР,1923,
Не ищи объяснения,"мелодрама, экранизация",Джали Соданбек,СССР,1982,
Не будем проклинать изгнание,"документальный, исторический","Михаил Демуров, Вячеслав Костиков",Россия,,
Наша родина (фильм),документальный фильм,Андре Мадре,Франция,1956,
Наш Гагарин,документальный фильм,,СССР,1971,
"Начать сначала (фильм, 2022)","драма, спортивный, фильм",Ирина Гобозашвили,Россия,2022,
"Натали (фильм, 1988)","драма, экранизация",Владимир Александрович Латышев,СССР,1988,
Нападение на тайную полицию,драматический фильм,Ольгерт Дункерс,СССР,1974,
Наивисты,документальный,Дайнис Клява,Латвия,1992,
Наездник из Кабарды,мелодрама,Николай Лебедев,СССР,1939,
Надпись на срубе,"киноновелла, экранизация",Ростислав Бабич,СССР,1968,
На разных берегах (фильм),"драма, детектив",Александр Литвинов,"СССР, ЗСФСР",1926,
На Луну с пересадкой,детский,Николай Лебедев,СССР,1935,
На зов города,драма,Хусейн Камаль,Египет,1975,
"На боевой повозке Жижки (фильм, 1968)",Исторический,Милан Вошмик,ЧССР,1968,
На берегу пустынных волн,Исторический фильм,Алексей Алексеев-Яковлев,Российская империя,1911,
На берегу мечты,Драма,Баир Уладаев,Россия,2018,
На алтарь красоты,"драма, мелодрама",Пётр Чардынин,Россия,1917,
Мятежная Луна,фантастика,Зак Снайдер,США,2023,
Мы ли это?,,Георгий Левашов-Туманишвили,СССР,,
Мы из Семиречья,"исторический, драма, военный фильм","Султан-Ахмет Ходжиков, Алексей Очкин",СССР,1958,
Мурманск-198,документальный,Арнольд Алтмяэ,СССР,1979,
Музыка жизни,"музыкально, -поэтический фильм",Эльдар Рязанов,Россия,,
Мужчины Израиля,порнографический фильм,Майкл Лукас,"Израиль, США",2009,
"Мститель (фильм, 1915)",драма,Борис Орлицкий,Российская империя,1915,
Мстислав Келдыш (фильм),документальный,Геннадий Распопов,СССР,1980,
"Мост (фильм, 1942)",,"Шота Манагадзе, Константин Пипинашвили",СССР,1942,
Москва. Голоса ускользающих истин,Драма,Эдуард Пальмов,Россия,2008,
Москва в нотах,"Фильм-концерт, драма, мелодрама, комедия","Хайнц Лизендаль, Игорь Гостев","СССР, Германия, уточнить",1969,
Мой муж — гений,драма,Татьяна Архипцова,Россия,2008,
Мой друг Наврузов,драма,"Шамси Киямов, Николай Литус",СССР,1957,
Мой друг — Мелекуш,кинокомедия,"Мухамед Союнханов, Анатолий Карпухин",СССР,1972,
Мои современники,документальное кино,Владислав Виноградов,СССР,1984,
Мишель и Мишутка,"семейный фильм, комедия, детский","Аян Шахмалиева, Михаил Шамкович",СССР,1961,
Мир вашему дому,,Тахир Сабиров,СССР,1981,
Мир в зеркальце,,Ванцетти Даниелян,СССР,1979,
Мир без игры,документальный,Леонид Махнач,СССР,1966,
"Мим Бим, или Чужая жизнь",детектив,Иван Войтюк,"Россия, Украина",2007,
"Мечтатели (фильм, 1934)","военный фильм, драма",Давид Марьян,СССР,1934,
Метод профессора Степанова,"Документальное кино, Короткометражное кино",С.И. Якушев,СССР,1959,
"Месье Ленуар, который…",Детектив,Александр Орлов,СССР,1983,
Мельница (фильм),"документальная, драма",Игорь Негреску,Украина,2003,
"Мелочь (фильм, 1954)",сатирическая комедия,Григорий Мелик-Авакян,СССР,1954,
Мелодии гор,"документальный, музыкально, этнографический",Суламбек Мамилов,Россия,2006,
Мезозойская история,"драма, мелодрама",Рашид Атамалибеков,"СССР, Азербайджанская ССР",1976,
Медная бабушка,драма,Михаил Козаков,,2004,
"Маяк (фильм, 2012)",драма,Фариз Ахмедов,Азербайджан,2012,
Матвеева радость,"биография, исторический фильм",Ирина Поплавская,СССР,1985,
Маска души (фильм),драма,Андрей Андреев,Российская империя,1916,
Маркиз и пастушка,"мелодрама, военный",Альгирдас Дауса,СССР,1978,
Марис Янсонс (фильм),документальный фильм,Мара Страуме,Латвия,1999,
Мари-Кужэр,драма,Борис Шелонцев,СССР,1928,
"Мальва (фильм, 1984)","новелла, экранизация",Александр Зельдович,СССР,1984,
Маленький лекарь,"драма, фантастика",Зульфикар Мусаков,Узбекистан,1998,
Маленький бродяга,"драма, экшен-сериал",,Канада,,
"Маленькие трагедии (фильм, 2009)",фэнтезийный фильм,Ирина Евтеева,Россия,2009,
Малевич. Возвращение в Ничто,документальный,Борис Дворкин,Россия,2003,
"Магнолия (фильм, 1916)",драма,Николай Маликов,Российская империя,1916,
Люди остаются людьми,,Дмитрий Вурос,,1965,
Люди Икс (серия фильмов),супергеройский фильм,"Брайан Сингер, Бретт Рэтнер, Гэвин Худ, Мэттью Вон, Джеймс Мэнголд, Тим Миллер, Джош Бун, Дэвид Литч, Саймон Кинберг",США,"2000, 2020",
Люди знойных страстей,Драма,"Вячеслав Висковский, Арнольд Шифман",Россия,1917,
Люди голубых рек,"киноповесть, мелодрама",Андрей Апсолон,СССР,1959,
Любовь к людям,фильм-драма,Нобору Накамура,Япония,1946,
Любовь в стране берёз,Романтический фильм,"Ву Чыонг Кхоа, Нгён Май Хён, Нгён Дык Хёу",Вьетнам,2018,
"Любите меня, пожалуйста",документальный фильм,Валерий Балаян,Россия,2010,
Лунная красавица (фильм),драма,Евгений Бауэр,Российская империя,1916,
"Ловушка (фильм, 1990)","Криминальный фильм, приключенческий фильм, триллер",Расим Исмайлов,"СССР, Азербайджанская ССР",1990,
Лишённый солнца,Драма,В. Кривцов,Российская империя,1912,
Личное первенство (фильм),"киноповесть, экранизация",Елена Скачко,СССР,1961,
Лето солнечного затмения,фильм-драма,Хиромити Хорикава,Япония,1956,
Лесные братья (фильм),боевой киносборник,"В. Н. Журавлёв, Е. М. Шнейдер",СССР,1942,
"Лесная сказка (фильм, 1913)","драма, мелодрама",Евгений Бауэр,Российская империя,1913,
Лепрекон (серия фильмов),"ужасы, слэшер, комедия, чёрный юмор, фэнтези",,США,,
Ленинградец (фильм),"драма, исторический",Константин Худяков,Россия,2006,
Лекарь поневоле (телеспектакль),Комедия,Вениамин Смехов,Россия,2002,
"Лейтенант (фильм, 2015)",драма,Евгений Эпштейн,Россия,2015,
Легенда. Людмила Гурченко,бенефис,Катя Царик,Украина,2011,
Легенда тюрьмы Павиак,"драма, военный",Сухбат Хамидов,СССР,1970,
"Ладога (фильм, 1943)","военный фильм, исторический фильм","Павел Паллей, Валерий Соловцовым, Глеб Трофимов",СССР,1943,
Курсистка Ася,драма,"Кай Ганзен, Андре Мэтр",Российская империя,1913,
Куплю друга,драма,Александр Итыгилов,Украина,2008,
Купленный муж (фильм),драма,Яков Протазанов,Российская империя,1913,
Кто умрёт сегодня,"военный фильм, драма, притча, короткометражка",Виктор Гресь,СССР,1967,
"Крысолов (фильм, 2023)",фантастика,Алексей Мизгирёв,Россия,,
Крылья ночи (фильм),"драма, мелодрама",Александр Уральский,Российская империя,1916,
Кроличья лапа,"драма, мелодрама",Нана Джорджадзе,"Россия, Франция",2021,
Кровь и мороженое,"комедия, ужасы, боевик, фантастика",Эдгар Райт,"Великобритания, Франция, США, Япония",,
"Кровавая слава (фильм, 1913)",драма,"Евгений Бауэр, В. (или А.А.) Брянский",Российская империя,1913,
Крик 7,слэшер,,,,
Крик (франшиза),"слэшер, триллер","Уэс Крэйвен, Мэттью Беттинелли, Тайлер Джиллет",США,,
Крёстный батька,Документальное кино,,Россия,,
Крест на земле и луна в небе,биографический фильм,Валерий Басов,Белоруссия,1992,
Краткие встречи на долгой войне,"мелодрама, военный","Абдусалом Рахимов, Станислав Чаплин",СССР,1970,
Кот в сапогах (телеспектакль),телеспектакль,"Светлана Джимбинова, А. Покровский",СССР,1979,
Король бубён,игровое кино,Борис Эпштейн,СССР,1958,
Королева мёртвых,мистическая драма,Михаил Бонч-Томашевский,Российская империя,1916,
"Корабль (фильм, 1988)","драма, мелодрама",,,,
"Корабли в Лиссе (фильм, 1965)",драма,"Давид Карасик, Лев Додин",СССР,1965,
"Конь, ружьё и вольный ветер",истерн,Владимир Иовицэ,СССР,1975,
Концлагеря. Дорога в ад,Документальный фильм,Фёдор Стуков,Россия,2009,
Константин 2,супергеройский фильм,Фрэнсис Лоуренс,США,,
Кони не виноваты (фильм),"драма, экранизация",Станислав Комар,СССР,1956,
Конец старой Берёзовки,киноповесть,Виктор Эйсымонт,СССР,1960,
"Комета (фильм, 1929)",драма,Валерий Инкижинов,СССР,1929,
"Командир (фильм, 2024)",экшен,"Александр Гурьянов, Тимур Хван",Россия,2024,
Колокол Саята,"драма, социальная драма, историко-революционный",Юлдаш Агзамов,СССР,1966,
"Колдунья (фильм, 1916)",драма,Евгений Бауэр,Российская империя,1916,
Код Орбели,"документальный фильм, фильм-биография","Ашот Джазоян, Виктория Грудинская","Армения, Россия",2012,
Когда цветут розы,драма,К. Я. Ярматов,СССР,1959,
Кобра капелла,драма,Владимир Касьянов,Российская империя,1917,
"Князь Серебряный (фильм, 1911)",,,Российская империя,,
Книга мечей,"боевик, драма, фэнтези",Питер Аллен,США,2007,
"Клятва (фильм, 1937)",драма,Александр Усольцев-Гарф,СССР,1937,
Ключ для заводного апельсина (фильм),документальный,"Григорий Гришин, Ольга Яковлева",Россия,2014,
"Клара Милич (фильм, 1915)",драма,Эдвард Пухальский,,1915,
Киноправда (фильм),кинохроника,Дзига Вертов,СССР,1922,
"Ким, Ван и Кьеу",художественный,,Французский Индокитай,,
Киевские мелодии,музыкальный фильм,Игорь Самборский,СССР,1967,
КВН: свидетельство о рождении,документальный,Инна Ткаченко,Россия,2017,
Катюша (фильм),документальный фильм,Виктор Лисакович,СССР,1965,
Катина служба,драма,Борис Токарев,СССР,1977,
Касьянов день (фильм),документальный фильм,,Россия,2016,
"Капкан (фильм, 2021)",,Галина Уразова,Россия,2021,
"Каныбек (фильм, 1978)",драма,Геннадий Базаров,СССР,1978,
Каменный плен,Драма,Усенжан Ибрагимов,СССР,1990,
Как Пушкин с Гоголем породнились,документальный,"Артюхов, Константин Валентинович",Россия,2009,
Как они лгут,"драма, мелодрама",Вячеслав Висковский,Россия,1917,
Казнить нельзя помиловать (фильм),Художественный фильм,Михаил Апарцев,Россия,2007,
Казнён в 41-м,документальный,Виталий Четвериков,СССР,1967,
Иуда — коронованный предатель Болгарии,"детективная, драма",Эдвард Пухальский,Российская империя,1915,
"Исчезновение (фильм, 2024)","исторический фильм, драма",Кирилл Серебренников,,,
Исторический день,документальный фильм,Владимир Ешурин,"Северный Вьетнам, СССР",1955,
Исповедь. Хроника отчуждения,документальный,Георгий Гаврилов,СССР,1988,
Ислам-ходжа (фильм),"Художественно публицистический, фильм, Драма",Джахонгир Ахмедов,Узбекистан,,
Искатель женских сердец,драма,,Венгрия,1922,
Ирина Кирсанова,"драма, мелодрама",Евгений Бауэр,Российская империя,1915,
Ираклий Андроников. Слово Андроникова,документальный фильм,"Михаил Шапиро, Аркадий Кольцатый, Алина Казьмина и др.",СССР,,
Интонация (фильм),Документальное кино,Александр Сокуров,Россия,2009,
Институт бабушек,драма,Марина Ишимбаева,СССР,1984,
Инсомния (короткометражный фильм),"Драма, Хоррор",Тимур Искаков,Кыргызстан,2016,
"Индийская гробница (фильм, 1921)",приключенческий фильм,Джоэ Май,Германия,1921,
Индийские йоги — кто они?,документальный,Альмар Серебреников,СССР,1970,
Имам Шамиль. Осада Ахульго,"исторический фильм, военный",Магомед Абдулкадыров,Россия,2019,
Изучая Лессинга,Трагикомедия,Александр Карпиловский,Россия,2005,
"Измена (фильм, 1933)",драма,Юрий Винокуров,СССР,1933,
Изломы любви (фильм),драма,Александр Уральский,Российская империя,1916,
"Изгои (фильм, 2009)",Документальное кино,Александр Ступников,Белоруссия,2009,
"Извините, что живу...","документальный фильм, драма",Алексей Погребной,Россия,2002,
И мы любим жизнь,драма,Абдулла Исса,Россия,2013,
И капли росы на рассвете,,Петерис Крыловс,СССР,,
Зумрад,мелодрама,"Александр Давидсон, Абдусалом Рахимов",СССР,1961,
Золотой полоз,"драма, фэнтези, семейный фильм",Владимир Макеранец,Россия,2007,
Золотой дом (фильм),,Владимир Басов,СССР,1959,
Золотое сердце (фильм),музыкальный фильм,,СССР,1989,
"Золото (фильм, 2012)",драма,Андрей Мармонтов,Россия,2012,
Золотая пуговица,сатира,Александр Рогожкин,СССР,1986,
Зов предков: Согдиана,исторический,Гияс Шермухамедов,"Узбекистан, Алжир",1995,
Знамя партии,документальный,"Тяпкин, Фёдор Александрович",СССР,1961,
Знаки зодиака (фильм),рекламный,Виктор Петров,СССР,1975,
"Злая ночь (фильм, 1914)",драма,Евгений Бауэр,Российская империя,1914,
Зинка (фильм),"киноновелла, экранизация","Светлана Дружинина, Валентин Попов",СССР,1969,
"Зеница ока (фильм, 1976)",Драма,Геннадий Базаров,СССР,1976,
Земля и золото,,"Арман Манарян, Генрих Маркарян",СССР,1984,
"Здравствуй, столица!","Драма, Киностудия «Жанр».(«, Мосфильм",Леонид Марягин,Россия,2003,
Звёзды встречаются в Москве,Документальный,"Василий Катанян, Владимир Бычков",СССР,1959,
"Звёзды (фильм, 2018)",Трагикомедия,Александр Новиков-Янгинов,Россия,2018,
Звёздный путь: Планета Титанов,"приключенческий фильм, научная фантастика",Филип Кауфман,США,1978,
Звёздный путь: Божественная вещь,"приключенческий фильм, научная фантастика",,США,,
"Запрягу я тройку борзых, темнокарих лошадей","бытовая, драма",Яков Протазанов,Российская империя,1916,
"Запорожская сечь (фильм, 1911)","игровой, немой, исторический фильм",Николай Садовский,Российская империя,1911,
"Западня (фильм, 1966)",военный фильм,Леонид Мартынюк,СССР,1966,
Замок Амеронген (фильм),драма,Саския Боддеке (Saskia Boddeke),Нидерланды,2011,
"Зал ожидания (фильм, 1973)",драма,Карен Сперлинг,США,1973,
Загадочный мир,"мистическая, драма",Евгений Бауэр,Российская империя,1916,
Загадка кубачинского браслета,лирическая комедия,Рафаэль Гаспарянц,СССР,1982,
Забарджад,драма,Баходыр Одылов,Узбекистан,2007,
За право первой ночи,драма,Александр Уральский,Российская империя,1916,
Журавль в небе (фильм),мелодрама,"Самсон Самсонов, Аркадий Сиренко",СССР,,
Жизнь испытывает нас,"драма, мелодрама",Шамиль Махмудбеков,Азербайджанская ССР,1971,
Жизнь и удивительные приключения Робинзона Крузо,приключенческий фильм,Станислав Говорухин,СССР,,
"Жизнь — миг, искусство — вечно",драма,Чеслав Сабинский,Российская империя,1916,
"Живой труп (фильм, 1918)",драма,Чеслав Сабинский,Российская республика,1918,
Женщина с душою куртизанки,драма,Александр Гарин,Российская империя,1916,
Женщина издалека,"военный фильм, драма",Тахир Сабиров,СССР,1978,
Женская судьба,драма,Дильмурод Масаидов,Узбекистан,2022,
"Жемчужное ожерелье (фильм, 1915)",Трагическая миниатюра,Евгений Бауэр,Российская империя,1915,
Железный ангел (фильм),"героическая, драма",Владимир Юренев,СССР,1942,
"Есть, капитан!",драма,Александр Иванов,СССР,1930,
Елисейские поля (фильм),мелодрама,Алексей Левченко,Украина,1993,
Ёлки (серия фильмов),,,,,
Его величество полиэтиленовый пакет,"короткометражный фильм, псевдодокументальное кино, комедия",Джереми Коннер,,2010,
"Егерь (фильм, 1959)","новелла, экранизация",Герман Ливанов,СССР,1959,
Дюна: Часть третья,"эпический фильм, научная фантастика",Дени Вильнёв,США,2026,
Дюна (фильм Ходоровски),,Алехандро Ходоровски,Франция,,
Думают ли животные?,научно-популярный фильм,Феликс Соболев,СССР,1970,
Друзья мои,мелодрама,"Александр Пашовкин, Аркадий Кордон, Всеволод Плоткин, Евгений Гончаров",СССР,1973,
Другой мир (серия фильмов),"тёмное фэнтези, боевик, ужасы","Лен Уайзман, (Другой мир, Другой мир: Эволюция), Патрик Татопулос, (Другой мир: Восстание ликанов), Манс Марлинд, Бьёрн Стейн, (Другой мир: Пробуждение), Анна Ферстер, (Другой мир: Войны крови)","США, Великобритания, Канада, Венгрия",,
"Другая жизнь (фильм, 2017)",,,Россия,2017,
Друг Горького — Андреева,Документальный фильм,Семен Аранович,СССР,1966,
Драма у телефона (фильм),драма,Яков Протазанов,Российская империя,1914,
Дочь улицы (фильм),драма,Владимир Гардин,Российская империя,1916,
"Дохунда (фильм, 1956)","экранизация, драма, социальная драма",Борис Кимягаров,СССР,1956,
Дорога в Дженин,Документальный фильм,Пьер Рехов,Франция,2003,
Дорога без возврата (музыкальный фильм),"Музыкальный фильм, Фэнтези, Симфонический рок, фэнтези, мюзикл, рок-опера",Евгений Пронин,"Россия, Россия",2012,
"Дом, который стрелял","художественный, на военную тематику, основанный на реальных событиях",Георгий Газарян,Армения,2009,
Дом под жарким солнцем,психологическая драма,"Зиновий Ройзман, Георгий Бзаров",СССР,1977,
Дом (фильм-спектакль),"фильм-спектакль, драма, экранизация","Лев Додин, Олег Рябоконь",СССР,1982,
Дольше жизни,,"Дарья Виолина, Сергей Павловский",Россия,2013,
Долина волков,"боевик, триллер, криминал",Alican Gebeş,Турция,,
Долгий млечный путь,драма,Амангельды Тажбаев,СССР,1983,
Дождь (фильм-спектакль),мелодрама,Владимир Латышев,СССР,1984,
Добро пожаловать в Энурмино!,документальное кино,Алексей Вахрушев,Россия,2008,
Дневник поруганной женщины,драма,Александр Аркатов,Российская империя,1915,
Дикость (серия фильмов),"детектив, эротика, триллер",,США,"1998, 2005, 2007, 2010",
Диана: Мюзикл,"мюзикл, драма, биография",Кристофер Эшли,США,2021,
Дзига и его братья,неигровой фильм,Евгений Цымбал,Россия,2002,
Джонджоли (фильм),драма,Оксана Бычкова,"Россия, Грузия",2022,
Дети шпионов (серия фильмов),"Шпионская фантастика, комедийный боевик, семейный фильм",Роберт Родригес,США,,
Дети Победы,документальный,Светлана Усенко,Украина,,
Десять зим за одно лето,,Валериу Гажиу,СССР,1969,
День побеждённых,трагикомедия,Валерий Ямбурский,Украина,2009,
День до,"драма, фантастика","Александр Котт, Владимир Котт, Александр Карпиловский, Борис Хлебников",Россия,"2016, 2019",
Дедушка моей мечты (фильм),комедия,Александр Стриженов,Россия,2014,
Девять дней и вся жизнь,"документальный фильм, фильм-биография",Юрий Занин,СССР,1979,
Девушка из легенды,,Георгий Бзаров,СССР,1980,
Двойник Макса Линдера,комедия,Александр Гарин,Российская империя,1914,
Двое в пустыне,,Алты Артыков,СССР,1968,
"Дверь, открытая для тебя",драма,Петерис Крылов,СССР,1984,
"Двенадцатая ночь, или Что угодно",Телевизионный балет,Заал Какабадзе,СССР,1986,
Две сестры (фильм),"мелодрама, экранизация","Нина Кодатова, Надежда Марусалова",СССР,1970,
Две жизни Ясобуро Хачия,"документальный фильм, драма",Алексей Погребной,Россия,2007,
Два ключа (фильм),драма,Борис Михин,СССР,1930,
Два далёких незнакомца,"научная фантастика, драматический фильм","Трэйвон Фри, Мартин Десмонд Роу",США,2020,
Два велосипеда,документальное кино,Екатерина Суворова,"Россия, Казахстан, Германия",2006,
"Грязные танцы (фильм, 2025)",мелодрама,Джонатан Ливайн,,2025,
Грязные танцы (серия фильмов),,,,,
Гриф старого борца (фильм),драма,Евгений Бауэр,Российская империя,1916,
Граф Нулин (фильм-балет),"комедийный, фильм-балет",Владимир Варковицкий,СССР,,
Грандиозный пожар Московского императорского Малого театра и Александровского пассажа 2 мая,документальный фильм,,Российская империя,1914,
"Гранатовый браслет (фильм, 1915)",драма,Николай Маликов,Российская империя,1915,
Грамматика любви,драма,Лев Цуцульковский,СССР,,
Гость из Мекки,драма,Георгий Тасин,СССР,1930,
Господин директор флиртует,комедия,,Российская империя,1914,
Горячие тропы,"красный вестерн, военный, приключения, боевик",Юлдаш Агзамов,СССР,1971,
Голубая роза (фильм),драма,Олег Бийма,СССР,1988,
Голубая кровь (фильм),драма,Валериан Демерт,Российская империя,1917,
Голос Тараса,"драма, исторический фильм",Владимир Фейнберг,СССР,1940,
Голос памяти,научная-фантастика,Виктор Жилко,СССР,1982,
"Голос (фильм, 1986)",комедия,Владимир Бортко,СССР,1986,
Голодные простаки (телеспектакль),Комедия,Рамиз Гасаноглу,Азербайджан,1993,
Год Лошади: Созвездие скорпиона,драма,Наталья Наумова,Россия,2004,
"Глиняный бог (фильм, 1918)",драма,Николай Ларин,Российское государство,1918,
Гламур для дур,комедия,Аскар Узабаев,Казахстан,2016,
Главный калибр (сериал),,Михаил Шевчук,Россия,,
Гимнастёрка и фрак,документальный фильм,Виктор Лисакович,СССР,1968,
Гимн освобождённому труду,агитационный фильм,"Александр Кугель, С. Маслов, Борис Светлов (?)",РСФСР,1920,
Гигант «Газпром» — немцы и их газ с востока,документальный,Хуберт Зайпель,Германия,2009,
Гибель Пушкина (фильм),документальный,Фёдор Тяпкин,СССР,1967,
Гибель империи. Византийский урок,публицистический,Ольга Савостьянова,Россия,,
Герои не опаздывают,документальный,Никита Хубов,СССР,1968,
Генерал звёздных войн,документальный,Александр Мержанов,Россия,,
Гашим,,"Павел Фолян, Степан Манукян",СССР,1929,
Гарри Поттер (серия фильмов),"фэнтези, приключения, семейный, драма","Крис Коламбус, Альфонсо Куарон, Майкл Ньюэлл, Дэвид Йейтс","Великобритания, США",,
Гамбург (фильм),немое кино,,,1926,
Вьетнам (фильм),документальный фильм,Роман Кармен,"СССР, Северный Вьетнам",1955,
Выставка (фильм),драма,Марионас Гедрис,СССР,1987,
Высокая должность,драма,Борис Кимягаров,"СССР, Таджикская ССР",1958,
Выбор царской невесты,"короткометражная, драма",Василий Гончаров,Российская империя,1909,
"Второе счастье, или Кино за 40 часов",Комедия,Катя Райская,Россия,2016,
"Второе дыхание (фильм, 2008)","военный фильм, криминальный фильм, приключенческий фильм",Михаил Туманишвили,Россия,2008,
Вторжение динозавров,"научно-популярный фильм, детский фильм",Джонатан Эйр,США,1988,
Встреча на переправе,драма,Гавриил Егиазаров,СССР,1963,
Встреча в ущелье смерти,,Тахир Сабиров,СССР,1979,
"Встреча (фильм, 1978)",,Ион Мижа,СССР,1978,
Встретимся на стадионе (фильм),,,,,
Всё исправить,"комедия, мелодрама, музыкальный фильм",Антон Калинкин,Россия,2016,
Всё из-за этой шальной Паулины,эксцентрическая комедия,Вия Бейнерте (Рамане),СССР,1979,
Время новых дураков,кинокомедия,Кадзиро Ямамото,Япония,1947,
"Вперёд, гвардейцы!",детектив,Валерий Ахадов,СССР,,
Восемнадцатое мгновение весны,"фарсовая, комедия","Василий Антонов, Александр Толоконников",Россия,2001,
Ворон (франшиза),"приключения, фэнтези, фильм ужасов","Алекс Пройас, Тим Поуп, Бхарат Наллури, Лэнс Манджиа","Великобритания, США",,
"Волчица (фильм, 1967)","драма, экранизация",И. Поляков,СССР,1967,
Волгари,драма,"Григорий Либкен, Александр Аркатов",Российская империя,1914,
Волга (фильм),Документальный фильм,Андрей Алёшин,Россия,2016,
Война. Остаться человеком,киноальманах,"Игорь Васильев, Дмитрий Семёнов, Екатерина Тарасова, Дмитрий Федорович",Белоруссия,2018,
Война полов,"комедия, мелодрама",Кирилл Кузин,Россия,2015,
Война 08.08.08. Искусство предательства,"документальный, интернет-фильм",Алексей Акимов,Россия,2008,
"Возможно, завтра","военный, драма","Дмитрий Дальский, Людмила Снежинаская",Украинская ССР,1931,
"Возмездие (фильм, 1916)",драма,Евгений Бауэр,Российская империя,1916,
Возвращение с фронта,"военная, драма",Николай Гадомский,Россия,2022,
Возвращение нонконформиста,"биография, документальный",Андрей Проскуряков,Россия,2011,
Возвращайся с солнцем,"военный фильм, драма",Хабиб Файзиев,СССР,1969,
"Водопад (фильм, 1973)",мелодрама,Юрий Борецкий,СССР,1974,
Воды поднимаются,,Никита Акопян,СССР,1962,
Во имя Тисы,документальный фильм,Дмитрий Ляшук,Венгрия,2021,
Во сне и наяву,"комедия, фильм-боевик",Магомед Магомедов,Россия,2006,
Во власти греха,драма,"Георгий Азагаров, Яков Протазанов",Российская империя,1916,
"Власть тьмы (фильм, 1909)",драма,Пётр Чардынин,Российская империя,1909,
"Властелин колец (фильм, 1968)",мюзикл,Стэнли Кубрик,,1968,
Властелин колец: Братва и кольцо,"фэнтези, приключения, комедия, пародия",Питер Джексон,"Новая Зеландия, США, Россия",2002,
Властелин колец (кинотрилогия),"эпическое фэнтези, приключения",Питер Джексон,"Новая Зеландия, США",,
Вино любви (фильм),салонная мелодрама,Андрей Андреев,Российская империя,1918,
"Вильям Фосс, похититель миллионов",детектив,Рудольф Майнерт,Германская империя,1916,
Виктор Астафьев. Весёлый солдат,документальный,Андрей Зайцев,Россия,2010,
"Вий (фильм, 1916)","Фантастика, Ужасы",Владислав Старевич,Российская империя,1916,
"Вий (фильм, 1909)","Фантастика, Ужасы",Василий Гончаров,Российская империя,1909,
Взорванный рассвет,"короткометражный, научно-популярный фильм",Феликс Соболев,СССР,1965,
"Вернись в Сорренто (фильм, 2005)",Психологический триллер,Максим Ронкин,Израиль,2005,
Вера Мирцева (фильм),драма,Михаил Мартов,Российская империя,1916,
"Венецианский мавр (фильм-балет, 1960)",фильм-балет,Вахтанг Чабукиани,СССР,1960,
"Ведьма (фильм, 1916)","фантастическая, драма","Александр Пантелеев, Г. Богданов",Российская империя,1916,
Варшавская мелодия,"драма, мелодрама",Рубен Симонов,СССР,1969,
Варежки (фильм),"драма, военный фильм","Павел Арманд, Натан Любошиц",СССР,1942,
Ванька и «Мститель»,"исторический, приключенческий, детский",Аксель Лундин,СССР,1928,
Ванина Ванини (телеспектакль),телеспектакль,"Самойлова, Галина Алексеевна",СССР,1983,
Валентин Парнах: не здесь и не теперь,Документальный фильм,Михаил Басов,Россия,2011,
В скафандре над планетой,документальный,Славинская М.,СССР,1965,
В поисках идиша,Документальное кино,"Юрий Хащеватский, Александр Городницкий","Россия, Белоруссия, Германия",2008,
В омуте Москвы,Драма,Николай Ларин,Россия,1914,
В ожидании волн и частиц (фильм),документальный,Дмитрий Завильгельский,Россия,2015,
В ночь на новолуние,"экранизация, драма","Юсуп Даниялов, Дмитрий Коржихин",СССР,1977,
В объективе — животные,научно-популярный фильм,,СССР,,
В мире должна царить красота,"фантастическая, драма",Евгений Бауэр,Российская империя,1916,
В космосе «Восход»,документальный,"Д. Антонов, Г. Косенко",СССР,1965,
В золотой клетке (фильм),"драма, мелодрама",Чеслав Сабинский,РСФСР,1918,
В буйной слепоте страстей,психологическая любовная драма,Чеслав Сабинский,Российская империя,1915,
Была без радости любовь,драма,Александр Аркатов,Российская империя,1916,
Была война,драма,Олег В. Семенец,Россия,2015,
"Бузулукский бор (фильм, 2018)",документальный фильм,Сергей Сотников,Россия,2018,
Будущий фильм Энга Ли,,Энг Ли,,,
Будем как солнце (фильм),драма,Валериан Демерт,Российская империя,1917,
Братья Кокарс,документальный,Юрис Подниекс,СССР,1978,
Братья Борис и Глеб (фильм),"драма, мелодрама",Евгений Бауэр,Российская империя,1915,
Боярышник (фильм),"драма, экранизация",Мурат Омаров,СССР,1981,
Борьба без оружия,социальная драма,Сацуо Ямамото,Япония,1960,
Борцы за светлое царство III Интернационала,агитфильм,Борис Светлов,РСФСР,1919,
Борец под чёрной маской,"приключения, спорт","Николай Брешко-Брешковский, Владимир Гельгардт",Российская империя,1913,
Боевой киносборник «Наши девушки»,"военный фильм, драма","Абрам Роом, Григорий Козинцев",СССР,1942,
Блуждающие огни (фильм),"драма, мелодрама",Пётр Чардынин,Россия,1917,
"Блеф, или С Новым годом!",документальный,Ольга Синяева,Россия,2013,
Благодать (фильм),документальный фильм,Виталий Манский,"Россия, Финляндия",1995,
Битва титанов (серия фильмов),"боевик, приключения, фэнтези","Десмонд Дэвис, Луи Летерье, Джонатан Либесман",США,,
Битва за Чили,документальный,Патрисио Гусман,"Чили, Франция, Куба, Венесуэла",,
Беспризорный спортсмен,кинокомедия,"Николай Богданов, Николай Бравко, Лев Константиновский",СССР,1926,
Беслан. Память,документальный,Вадим Цаликов,Россия,2014,
Березовский TRIP,"документальная, драма, фильм ужасов, триллер","Дмитрий Пищулин, Дмитрий Охотников",Россия,2006,
Бенефис Савелия Крамарова,музыкальный,Евгений Гинзбург,СССР,1974,
"Белая роза (фильм, 1916)",драма,Пётр Иванович Чардынин,Российская империя,1916,
Белая медведица,драма,Дин Махаматдинов,Россия,2008,
Белая лошадь (фильм),драма,Барас Халзанов,СССР,1966,
"Белая колоннада (фильм, 1915)",драма,Вячеслав Висковский,Российская империя,1915,
Бейбарс (фильм),исторический фильм,Булат Мансуров,СССР,1989,
Безумные годы (серия фильмов),"драма, Кинокомедия, приключения",Зоран Чалич,"Сербия, Королевство СХС",,
Безмолвный свидетель (фильм),немое кино,Джеральд Портер,США,,
"Без вины виноватые (фильм, 1916)",драма,Чеслав Сабинский,Российская империя,1916,
Банда Ольсена,фильм-ограбление,Эрик Баллинг,Дания,1968,
Бай и батрак,,,,,
"Ах, зачем эта ночь так была хороша",драма,Александр Аркатов,Российская империя,1916,
Афганская война (фильм),"военный фильм, документальный фильм","Алексей Крол, Татьяна Крол",Россия,,
Атланты держат небо,документальный  сериал,"Александр Городницкий, Наталья Касперович","Россия, Белоруссия",2010,
Астрал (серия фильмов),фильм ужасов,"Джеймс Ван, Ли Уоннелл, Адам Робител, Патрик Уилсон",США,,
Архитектура блокады,документальный,Максим Якубсон,Россия,2020,
Аромат дыни в Самарканде,"драма, комедия",Али Хамраев,Узбекистан,2021,
Армянский вопрос (фильм),документальный,"Андрей Буровский, Григорий Жгилёв",Россия,2017,
Арман (фильм),Драма,,СССР,1975,
Аня (фильм),"приключения, экранизация","Ольга Преображенская, Иван Правов",СССР,1927,
"Анджело (фильм, 1920)",Драма,Михаил Нароков,РСФСР,1920,
Ангел Русской церкви против отца всех народов,Документальное кино,Валерий Залотуха,Россия,2005,
Анатомия протеста,документальное кино,"Сергей Кисляков, Дмитрий Ларченко, Юрий Устинов",Россия,,
"Анастасия (фильм, 2008)",документальное кино,Виктор Лисакович,Россия,2008,
Альманах сатиры и юмора,"комедия, комедия","Александр Белинский, Е.Ануфриев","СССР, СССР","1980, 1980",
"Алмаз (фильм, 2010)",документальный,Эльнура Осмоналиева,Кыргызстан,,
Алла Пугачёва. Тот самый концерт,киноконцерт,"Филипп Григорьян, Татьяна Гулина",Россия,2019,
Алим — крымский разбойник,драма,Вячеслав Висковский,Российская империя,,
Алёша-доброволец,драма,Б.С.Глаголин,Российская империя,1914,
"Айна (фильм, 1959)","драма, исторический","Алты Карлиев, Владимир Иванов",СССР,1959,
Азор (фильм),драма,Бакич Видяй,Россия,2018,
"Азамат (фильм, 1939)",драма,,СССР,1939,
А защищал её Плевако,драма,Николай Козловский,Российская империя,1916,
1812 (документальный цикл),"документальный, драма",Павел Тупик,Россия,,
13 друзей хунты,документальный,,Россия,2014,
5 причин не влюбиться в казаха,комедийный фильм,Аскар Узабаев,Казахстан,2017,
«Чудотворец» из Бирюлёва,игровое кино,Борис Эпштейн,СССР,1958,
